Email,First name,Last name,Status,Organisation name,Phone number
ewan+1@hiveit.co.uk,Ewan,Cormack,INACTIVE,HIVE IT LIMITED,036267829240
ewan+2@hiveit.co.uk,Ewan,Cormack,INACTIVE,HIVE LIMITED,062742077009
ewan+12@hiveit.co.uk,Ewan,Cormack,INACTIVE,HIVE 1 LTD,033259423249
ernest.austin@example.com,Ernest,Austin,ACTIVE,The Best Juggling Company,053633028323
shawn.ward@example.com,Shawn,Ward,ACTIVE,Juggle Ltd,030988333631
paula.fuller@example.com,Paula,Fuller,ACTIVE,Jugglez Ltd,089393352669
antonio.lee@example.com,Antonio,Lee,ACTIVE,Juggling Balls Ltd,09057991044
jane.jones@example.com,Jane,Jones,ACTIVE,Infinite Juggling Ltd,060946419307
todd.thompson@example.com,Todd,Thompson,ACTIVE,Everyday Im Juggling Ltd,05434352007
lisa.fox@example.com,Lisa,Fox,ACTIVE,Mo Juggling Mo Problems Ltd,09988851651
worth.email.test+fundsuccess@gmail.com,Sarah,Peacock,ACTIVE,Empire Ltd,074373688727
worth.email.test.two+fundfailure@gmail.com,Kevin,Jenkins,ACTIVE,The Best Cheese Company,093829776687
pamela.green@example.com,Pamela,Green,ACTIVE,We Do Cheese,049983096778
nancy.james@example.com,Nancy,James,ACTIVE,Cheesemongers Associates,08361814579
raymond.freeman@example.com,Raymond,Freeman,ACTIVE,Cheddar Is Best Ltd,052801356978
jerry.turner@example.com,Jerry,Turner,ACTIVE,Electric Sounds Ltd,057079575523
jesse.edwards@example.com,Jesse,Edwards,ACTIVE,Radiowaves Ltd,084821822178
james.lewis@example.com,James,Lewis,ACTIVE,Theremins Rock Ltd,065028241862
justin.bryant@example.com,Justin,Bryant,ACTIVE,Epic Riffs Ltd,085096081556
laura.jackson@example.com,Laura,Jackson,ACTIVE,Insane Drumming Ltd,037357175820
worth.email.test+projectlead@gmail.com,Frederick,Harper,ACTIVE,Vitruvius Stonework Limited,029570229411
jerry.mcdonald@example.com,Jerry,Mcdonald,ACTIVE,Guitar Gods Ltd,044665729130
aaron.powell@example.com,Aaron,Powell,ACTIVE,Guitar Gods Ltd,054040672156
louis.morgan@example.com,Louis,Morgan,ACTIVE,Big Riffs And Insane Solos Ltd,018767744439
janet.howard@example.com,Janet,Howard,ACTIVE,Big Riffs And Insane Solos Ltd,014811628136
howard.white@example.com,Howard,White,ACTIVE,Listen To Metal Ltd,070387075571
wayne.cooper@example.com,Wayne,Cooper,ACTIVE,Listen To Metal Ltd,017342796436
heather.ross@example.com,Heather,Ross,ACTIVE,University of Bath,097460769180
carolyn.reed@example.com,Carolyn,Reed,ACTIVE,Cardiff University,086256091316
roy.wheeler@example.com,Roy,Wheeler,ACTIVE,Aberystwyth University,062314128120
deborah.moore@example.com,Deborah,Moore,ACTIVE,Aberystwyth University,00701037174
steve.smith@empire.com,Steve,Smith,ACTIVE,Empire Ltd,046439359578
jessica.doe@ludlow.co.uk,Jessica,Doe,ACTIVE,Ludlow,015247172589
pete.tom@egg.com,Pete,Tom,ACTIVE,EGGS,081877706440
worth.email.test+changepsw@gmail.com,Gemma,Noble,ACTIVE,Empire Ltd,07789123456
worth.email.test+submit@gmail.com,Malik,Strandberg,ACTIVE,Empire Ltd,040847454271
worth.email.test+projectsetuppm@gmail.com,Elmo,Chenault,ACTIVE,Empire Ltd,07789123456
steven.hicks@ntag.example.com,Steven,Hicks,ACTIVE,Ntag,01457608110
robert.perez@jetpulse.example.com,Robert,Perez,ACTIVE,Jetpulse,019860020229
bruce.perez@wikivu.example.com,Bruce,Perez,ACTIVE,Wikivu,078711159716
diane.scott@eadel.example.com,Diane,Scott,ACTIVE,Eadel,049692921151
ryan.welch@bluezoom.example.com,Ryan,Welch,ACTIVE,Bluezoom,018218387306
sara.armstrong@npath.example.com,Sara,Armstrong,ACTIVE,Npath,031378909202
phillip.ramos@katz.example.com,Phillip,Ramos,ACTIVE,Katz,022442431477
kimberly.fowler@meembee.example.com,Kimberly,Fowler,ACTIVE,Meembee,056161876886
craig.ortiz@zooveo.example.com,Craig,Ortiz,ACTIVE,Zooveo,033196860262
ralph.young@ooba.example.com,Ralph,Young,ACTIVE,Ooba,042456831830
tina.taylor@wordpedia.example.com,Tina,Taylor,ACTIVE,Wordpedia,042370362220
antonio.jenkins@jabbertype.example.com,Antonio,Jenkins,ACTIVE,Jabbertype,027907559457
amy.ortiz@gabtype.example.com,Amy,Ortiz,ACTIVE,Gabtype,053522165226
karen.ramos@kazio.example.com,Karen,Ramos,ACTIVE,Kazio,053798801743
juan.campbell@cogilith.example.com,Juan,Campbell,ACTIVE,Cogilith,065147370278
